Listing Names,Prices
Shop on eBay,20.0
Pokemon Scarlet  Pokemon Violet Double Pack for Nintendo Switch NEW,88.5
ALL LEGENDARY POKEMON FROM HOME  SHINY 6IV   BATTLE READY SCARLET  VIOLET,40.5
Pokemon Scarlet  Nintendo Switch,45.0
NSG  Switch Nintendo Switch Video Games MAKE YOUR OWN BUNDLEPICK YOUR GAMES,66.99000000000001
 Pokemon Scarlet and Violet  SHINY Pokemon with 6IV Lvl 100  Battle Ready,1.0
Pokemon Scarlet  Pokemon Violet Double Pack for Nintendo Switch,87.99
Pokémon Scarlet and Violet  Pokémon Home  BUY 2 GET 2 FREE Shiny  Non,2.0
Nintendo Switch Pokémon Violet Scarlet Sword Shield Arceus Japanese Language ver,172.97
Pokemon Scarlet  Pokemon Violet Double Pack for Nintendo Switch NEW,88.5
Pokemon Scarlet  Nintendo Switch,45.0
Pokemon Scarlet and Violet 6IV PERFECT Gholdengo FAST DELIVERY,1.95
Shiny Ditto 6IV  Masuda Breeding Japan  Pokemon Scarlet Violet US Seller,14.95
Pokémon HOME Shiny Locked Complete Collection Bundle Scarlet Violet Compatible,29.99
25 Hisuian Forms Bundle Pack Shiny 6IV Pokemon Scarlet  Violet Fast Trade,19.99
Pokemon Scarlet and Violet Ultra Shiny 6IV Annihilape FAST DELIVERY,1.95
ALL 11 TEAL MASK 6IV PACK  Pokemon SCARLET  VIOLET  SHINY Dipplin Ursaluna ,9.99
 Shiny Charm  Pokemon Scarlet Violet  3x Higher Encounter Rate ,2.0
Pokemon SCARLET and VIOLET  Pick AnyAll Version EXCLUSIVES SHINY 6IV Bundle ,20.49
Pokemon Scarlet and Violet Complete Pokedex Pokemon Home Full 700 Paldea Dex,9.99
LEGAL ANY CUSTOM POKEMON  ALL MARKS  RIBBONS  Pokémon Scarlet and Violet,1.0
Pokemon Scarlet Violet  Master Balls  Rare Poke Balls You Pick Mix  Match,3.62
Pokemon Home Gen 9 Paldea Dex SHINY Scarlet Violet Living Pokedex  7 Star RAIDS,10.49
Pokemon SCARLET and VIOLET  Pick AnyAll MIGHTIEST MARK Unrivaled 6IV Bundle ,8.99
POKEMON SCARLET VIOLET BALLS  ANY POKEBALL  APRIBALL BUNDLES ,19.99
Pokemon Scarlet  Violet 6IVs Pokemons Custom Team Ultra Shiny ,4.0
All POKEMON LEGENDARY  SHINY  Battle Ready Pokemon Scarlet  Violet Trade,1.0
Nintendo Switch 3DS DS Pokemon Video Games Series 26 Type Japanese Ver wCase,311.77
Pokemon Scarlet and Violet SHINY Pokemon with 6IV  Battle Ready BUY 2 GET 2,1.98
Ultimate MASTERDEX  Pokemon Scarlet  Violet  Living Pokedex  COMPLETE,12.49
Pokémon Scarlet and Violet  Master Balls  Rare Poke Balls  Pick Mix  Match,3.0
N3DS  3DS Nintendo 3DS Video Games MAKE YOUR OWN BUNDLEPICK YOUR GAMES,231.99
All 17 MIGHTIEST MARK Unrivaled 6IV  Pokemon SCARLET  VIOLET Tera Raid BUNDLE,9.99
WALKING WAKE  IRON LEAVES 6IV EVs Paradox VGC 23  POKEMON SCARLET and VIOLET,3.99
Shiny 6IV Custom Pokemon Scarlet  Violet  Choose Pokemon EVs Nature More,3.99
Pokémon Scarlet and Violet  Pokemon Home  New Releases  Shiny 6IV  EVs,2.49
 Pokémon Scarlet and Violet  SHINY and HERBA MYSTICA Session  Your Choice ,11.5
Pokemon Scarlet and Violet 6IV PERFECT Gholdengo FAST DELIVERY,1.95
 Pokémon Scarlet and Violet  SHINY and HERBA MYSTICA Session  Your Choice ,13.25
Shiny Ditto 6IV  Masuda Breeding Japan  Pokemon Scarlet Violet US Seller,8.049999999999999
Pokemon Scarlet  Violet Any ItemAbility Patch TM Gold Bottle CapApriballs,15.739999999999998
Pokemon Scarlet and Violet  Shiny  Non 6IV EV Trained  Ashs Caps Pikachu ,2.0
Walking Wake Iron Leaves  Paradox Raid Event  Pokemon Scarlet Violet USA,1.85
Pokemon HOME Ultimate Dex  Scarlet Violet Sword Shield Lets Go BDSP Arceus,19.99
Authentic Pokemon Games Gameboy Gameboy Color Advance Bulk Discounts,132.49
Pokémon Birthday Flabébé Code Flabebe Scarlet Violet Japan PC Event Worldwide,9.99
 Pokemon Scarlet  Violet Complete Paldea Pokédex   ShinyNon ,5.99
Pokemon Scarlet and Violet  Herba MysticaSweet  Bitter  Salty  Sour  Spicy,8.5
CUSTOM POKEMON SCARLET  VIOLET ANY  6IV  EVS  SHINYNORMAL ,33.99
 SHINY 6IV Rayquaza Groudon Kyogre HOENN LEGENDS  Pokemon SCARLET and VIOLET,3.49
NGBAG  Nintendo GBA Gameboy Advance Games MAKE A BUNDLEPICK YOUR GAMES,51.99
Pokémon Scarlet and Violet  Pokemon Home  Shiny 6IV  EVs  Legendary More,3.99
 SHINY 6IV MYSTERY EGGS Team Hatches with your OT  Pokemon SCARLET and VIOLET,4.99
Pokemon Scarlet and Violet Ultra Shiny 6IV Paradox Flutter Mane FAST DELIVERY,1.95
 6IV SHINY Palkia  Dialga  Giratina 3 PACK  POKEMON SCARLET AND VIOLET,4.99
You Choose Nintendo 3DS  DS Games Pokemon Zelda Fire Emblem Mario  More 128,38.275
DIALGA  PALKIA  GIRATINA  SHINY 6IV Origin Forms Pokemon SCARLET and VIOLET,4.99
Pokemon Home 1017 Complete Dex Scarlet Violet Teal Mask Sword Diamond Arceus,16.25
RARE Poke Balls  Apriballs  Master Balls Pokeballs  Scarlet Violet USA,3.47
POKEMON SCARLET VIOLET  POKEMON HOME  NEW RELEASES  SHINY HISUIAN ALPHA,3.99
GHOLDENGO  VGC 23 or TERA RAID Ready 6IV  EVs  Pokemon Scarlet and Violet,2.99
ALL 11 TEAL MASK 6IV PACK  Pokemon SCARLET  VIOLET  SHINY Dipplin Ursaluna ,9.99
Urshifu RapidSingle Strike  Kubfu Bundle Pack Pokemon Scarlet  Violet,4.99
ANY POKEMON TEAL MASKSHINYNON CUSTOM FOR POKEMON SCARLET AND VIOLET,1.69
10x MasterBall ITEMS Bundle Held by 6IV Shinies  Pokemon SCARLET and VIOLET,5.99
6IV ZOROARK Happy Hour Event  Pokemon SCARLET and VIOLET lv100 Charismatic Mark,1.99
New ListingPokemon Scarlet  Nintendo Switch,32.99
Pokemon Scarlet and Violet  SHINY POKEMON 6IV  VGC Battle Ready  BUY 2 GET 2,2.49
Shiny Shaymin Event   Oaks Letter Shaymin  Pokémon Scarlet  Violet,3.99
Shiny Eternatus Event  GameStop Event  Pokémon Scarlet  Violet,3.99
Shiny Manaphy Event  Pokemon Ranger  Pokémon Scarlet  Violet,3.99
DIALGA PALKIA TERA RAID COUNTERS  POKEMON SCARLET VIOLET CUSTOM AVAILABLE,3.49
PokeBall Vivillon Event  Paris Pokemon Center  Pokémon Scarlet  Violet,3.99
 Magearna Event  HOME Pokeball Magearna  Pokémon Scarlet  Violet  UT,3.99
Shiny Mew Event  Pokémon Go Special Research  Pokémon Scarlet  Violet  UT,3.99
Hoopa Event  Mighty Hoopa  Unbound  Pokémon Scarlet  Violet  UNTOUCHED,3.99
Pokémon SCARLET AND VIOLET  Beast BallsPokemon  Beast Balls Bundle Same day,6.24
MIRAIDON POKEMON SCARLET  VIOLET  UNTOUCHED  BATTLE READY 6 IV,4.49
Mythical22 Volcanion Event  GAME  GameStop  Pokémon Scarlet  Violet  UT,3.99
MELOETTA NORMAL BATTLE READY OR UNTOUCHED  POKEMON SCARLET AND VIOLET,3.99
Pokemon ScarletViolet WALKING WAKE  IRON LEAVES Untouched RAID EVENT Lv75,13.97
Pokemon Scarlet and Violet 6IV PERFECT Legendary Miraidon FAST DELIVERY,1.95
